cont|denumire|tip
101|CAPITAL SOCIAL|P
1011|CAPITAL SUBSCRIS NEVARSAT|P
1012|CAPITAL SUBSCRIS VARSAT|P
1015|PATRIMONIUL REGIEI|P
1016|PATRIMONIUL PUBLIC|P
1017|PATRIMONIUL PRIVAT|P
1018|PATRIMONIUL INSTITUTELOR DE CERCETARE-DEZVOLTARE|P
103|ALTE ELEMENTE DE CAPITALURI PROPRII|B
1031|BENEFICII ALE ANGAJATILOR SUB FORMA DE CAPITALURI PROPRII|P
1033|DIFERENTE DE CURS PT. INVESTITIA INTR-O ENTITITATE STRAINA|B
1038|ALTE ELEMENTE DE CAPITALURI PROPRII|B
104|PRIME DE CAPITAL|P
1041|PRIME DE EMISIUNE|P
1042|PRIME DE FUZIUNE/DIVIZARE|P
1043|PRIME DE APORT|P
1044|PRIME DE CONVERSIE A OBLIGATIUNILOR IN ACTIUNI|P
105|REZERVE  DIN REEVALUARE|P
106|REZERVE|P
1061|REZERVE LEGALE|P
1063|REZERVE STATUTARE SAU CONTRACTUALE|P
1068|ALTE REZERVE|P
107|DIFERENTE DE CURS VALUTAR DIN CONVERSIE|B
108|INTERESE CARE NU CONTROLEAZA|B
1081|INTERESE CARE NU CONTROLEAZA REZULT. EXERCITIULUI FINANCIAR|B
1082|INTERESE CARE NU CONTROLEAZA - ALTE CAPITALURI PROPRII|B
109|ACTIUNI PROPRII|A
1091|ACTIUNI PROPRII DETINUTE PE TERMEN SCURT|A
1092|ACTIUNI PROPRII DETINUTE PE TERMEN LUNG|A
1095|ACTIUNI DETINUTE DE SOCIETATEA ABSORBITA LA CEA ABSORBANTA|A
117|REZULTATUL REPORTAT|B
1171|REZULTATUL REPORTAT - PROFITUL NEREP./ PIREDERE NEACOP.|B
1172|REZULTATUL REPORTAT DIN ADOPTAREA IAS|B
1173|REZULTATUL REPORTAT DIN MODIFICARILE POLITICILOR COTABILE|B
1174|REZULTATUL REPORTAT DIN CORECTAREA ERORILOR CONTAB.|B
1175|REZULTATUL REPORTAT DIN SURPLUSUL DIN REZERVE DIN REEVALUARE|P
1176|REZULTATUL REPORTAT PROVENIT DIN TRECEREA LA DIREC. IV|B
121|PROFIT SI PIERDERE|B
129|REPARTIZAREA PROFITULUI|A
141|CASTIGURI LEGATE DE INSTRUMENTELE DE CAPITALURI PROPRII|P
1411|CASTIGURI DIN VANZAREA INSTRUMENTELOR DE CAPITALURI PROPRII|P
1412|CASTIGURI DIN ANULAREA INSTRUMENTELOR DE CAPITALURI PROPRII|P
149|PIERDERI LEGATE DE OPERATII CU TITUL GRATUIT DE CAP. PROPRII|A
1491|PIERDERI DIN VANZAREA INSTRUMENTELOR DE CAPITALURI PROPRII|A
1495|"PIERDERI DIN REORGANIZARI| ANULAREA TITLURILOR DETINUTE"|A
1498|ALTE PIERDERI LEGATE DE INSTRUMENTELE DE CAPITALURI PROPRII|A
151|PROVIZIOANE|P
1511|PROVIZIOANE PENTRU LITIGII|P
1512|PROVIZIOANE PENTRU GARANTII ACORDATE CLIENTILOR|P
1513|PROVIZIOANE PENTRU DEZAFECTARE IMOBILIZARI CORPORALE|P
1514|PROVIZIOANE PENTRU RESTRUCTURARE|P
1515|PROVIZIOANE PENTRU PENSII SI OBLIGATII SIMILARE|P
1516|PROVIZIOANE PENTRU IMPOZITE|P
1517|PROVIZIOANE PENTRU TERMINAREA CONTRACTULUI DE MUNCA|P
1518|ALTE PROVIZIOANE|P
161|IMPR. DIN EMISIUNI DE OBLIGATIUNI|P
1614|IMPR. EXTERNE DIN EMISIUNI DE OBLIG. GARANTATE DE STAT|P
1615|IMPR. EXTERNE DIN EMISIUNI DE OBLIG. GARANTATE DE BANCI|P
1617|IMPR. INTERNE DIN EMISIUNI DE OBLIG. GARANTATE DE STAT|P
1618|ALTE IMPR. DIN EMISIUNI DE OBLIG.|P
162|CREDITE BANCARE PE TERMEN LUNG|P
1621|CREDITE BANCARE PE TERMEN LUNG|P
1622|CREDITE BANCARE PE TERMEN LUNG NERABURSATE|P
1623|CREDITE EXTERNE GUVERNAMENTALE|P
1624|CREDITE EXTERNE GARANTATE DE STAT|P
1625|CREDITE EXTERNE GARANTATE DE BANCI|P
1626|CREDITE DE LA TREZORERIA STATULUI|P
1627|CREDITE BANCARE INTERNE GARANTATE DE STAT|P
166|DATORII CE PRIVESC IMOBILIZARILE FINANCIARE|P
1661|DATORII FATA DE ENTITATILE AFILIATE|P
1663|DATORII FATA DE ENTITATILE ASOCIATE / CONTROLATE IN COMUN|P
167|ALTE IMPRUMUTURI SI DATORII ASIMILATE|P
168|DOBANZI AFERENTE IMPRUMUTURILOR SI DATORII ASIMILATE|P
1681|DOBANZI AFERENTE IMPRUMUTURILOR DIN OBLIGATIUNI|P
1682|DOBANZI AFERENTE CREDITELOR BANCARE TERMEN LUNG|P
1685|DOBANZI AFERENTE DATORIILOR FATA DE ENTITATILE AFILIATE|P
1686|DOBANZI AFERENTE DATORIILOR FATA DE ENTITATILE ASOCIATE|P
1687|DOBANZI AFERENTE ALTOR IMPRUMUTURI SI DATORII ASIMILATE|P
169|PRIME PRIVIND RAMBURSAREA OBLIGATIUNILOR SI A ALTOR DATORII|A
1691|PRIME PRIVIND RAMBURSAREA OBLIGATIUNILOR|A
1692|PRIME PRIVIND RAMBURSAREA ALTOR DATORII|A
201|CHELTUIELI DE CONSTITUIRE|A
203|CHELTUIELI DE DEZVOLTARE|A
205|"CONCESIUNI| BREVETE| LICENTE| MARCI COMERCIALE"|A
206|ACTIVE NECROP. DE EXPLORARE SI EVALUARE RESURSE MINERALE|A
207|FOND COMERCIAL|B
2071|FOND COMERCIAL POZITIV|A
2075|FOND COMERCIAL NEGATIV|P
208|ALTE IMOBILIZARI NECORPORALE|A
211|"TERENURI|  AMENAJARI DE TERENURI"|A
2111|TERENURI|A
2112|AMENAJARI DE TERENURI|A
212|CONSTRUCTII|A
213|INSTALATII TEHNICE SI MIJLOACE TRANSPORT|A
2131|"ECHIPAMENTE TEHNOLOGICE (MASINI|UTILAJE)"|A
2132|"APARATE SI INSTALATII DE MASURA| CONTROL SI REGLARE"|A
2133|MIJLOACE DE TRANSPORT|A
214|"MOBILIER| APARATURA BIROTICA| ALTE ACTIVE CORPORALE"|A
215|INVESTITII IMOBILIARE|A
216|ACTIVE CORPORALE DE EXPL. SI EVAL. A RESURSELOR MINERALE|A
217|ACTIVE BIOLOGICE PRODUCTIVE|A
223|"INSTALATII TEHNICE| MIJLOACE DE TRANSPORT IN CURS DE APROV."|A
224|"MOBILIER| APARATURA BIROTICA IN CURS DEAPROVIZIONARE"|A
227|ACTIVE BIOLOGICE PRODUCTIVE IN CURS DE APROVIZIONARE|A
231|IMOBILIZARI CORPORALE IN CURS DE EXECUTIE|A
235|INVESTITII IMOBILIARE IN CURS DE EXECUTIE|A
261|ACTIUNI DETINUTE LA ENTITATILE AFILIATE|A
262|ACTIUNI DETINUTE LA ENTITATI ASOCIATE|A
263|ACTIUNI DETINUTE LA ENTITATI CONTROLATE IN COMUN|A
264|TITLURI PUSE IN ECHIVALENTA|A
265|ALTE TITLURI IMOBILIZATE|A
266|CERTIFICATE VERZI AMANATE|A
267|CREANTE IMOBILIZATE|A
2671|SUME DATORATE DE ENTITATILE AFILIATE|A
2672|DOBANDA AF. SUMELOR DAT. DE ENTITATILE AFILIATE|A
2673|CREANTE FATA DE ENTITATILE ASOCIATE / CONTROLATE IN COMUN|A
2674|DOBANDA PT. CREANTE FATA DE ENTITATILE ASOCIATE|A
2675|IMPRUMUTURI ACORDATE TERM. LUNG.|A
2676|DOBANDA AFERENTA IMPRUMUTURILOR ACORDATE PE TERMEN LUNG|A
2677|OBLIGATIUNI ACHIZITIONATE EMISE DE TERTI|A
2678|ALTE CREANTE IMOBILIZATE|A
2679|DOBANZI AFERENTE ALTOR CREANTE IMOB.|A
269|VARSAMINTE DE EFECTUAT PT. IMOB. FINANCIARE|P
2691|VARSAMINTE DE EFECTUAT PT. ACTIUNILE DETINUTE LA ENT. AFIL.|P
2692|VARSAMINTE DE EFECTUAT PT. ACTIUNILE DETINUTE LA ENT. ASOC.|P
2693|VARSAMINTE PT. ACTIUNILE DETINUTE LA ENT.CONTROLATE IN COMUN|P
2695|VARSAMINTE DE EFECTUAT PENTRU ALTE IMOBILIZARI FINANCIARE|P
280|AMORT. PRIVIND  IMOBILIZARILE NECORPORALE|P
2801|AMORT. CHELTUIELILOR DE CONSTITUIRE|P
2803|AMORT. CHELTUIELILOR DE DEZVOLTARE|P
2805|"AMORT. CONCESIUNI| BREVETE| LICENTE| MARCI COMERCIALE"|P
2807|AMORT.  FONDULUI COMERCIAL|P
2808|AMORT. ALTOR  IMOB. NECORPORALE|P
281|AMORT. PRIVIND  IMOBILIZARILE CORPORALE|P
2811|AMORT. AMENAJARILOR DE TERENURI|P
2812|AMORT. CONSTRUCTIILOR|P
2813|"AMORT. INSTALATIILOR| MIJ. DE TRANSPORT"|P
2814|AMORT. ALTOR IMOBILIZARI CORPORALE|P
2815|AMORT. INVESTITIILOR IMOBILIARE|P
2816|AMORT. ACTIVELOR CORP. DE EXPL. SI EVAL. A RESURSELOR MINER.|P
2817|AMORT. ACTIVELOR BIOLOGICE PRODUCTIVE|P
290|AJUSTARI - DEPRECIEREA IMOBILIZARILOR NECORPORALE|P
2903|AJUSTARI - DEPRECIEREA CHELTUIELILOR DE DEZVOLTARE|P
2905|"AJUSTARI - DEPRECIEREA CONCESIUNILOR| BREVETELOR| LICENTE"|P
2906|AJUSTARI - DEPRECIEREA ACTIVELOR NECORPORALE DE EXPLORARE|P
2908|AJUSTARI - DEPRECIEREA ALTOR IMOBILIZARI NECORPORALE|P
291|AJUSTARI - DEPRECIEREA IMOBILIZARILOR CORPORALE|P
2911|AJUSTARI - DEPRECIEREA TERENURILOR SI AMENAJARILOR|P
2912|AJUSTARI - DEPRECIEREA CONSTRUCTIILOR|P
2913|"AJUSTARI - DEPRECIEREA INSTALATII TEHNICE|MIJ. TRANSP."|P
2914|AJUSTARI - DEPRECIEREA ALTOR IMOBILIZARI CORPORALE|P
2915|AJUSTARI - DEPRECIEREA INVESTI.IILOR IMOBILIARE|P
2916|AJUSTARI - DEPRECIEREA ACTIVELOR CORPORALE DE EXPLORARE|P
2917|AJUSTARI - DEPRECIEREA ACTIVELOR BIOLOGICE PRODUCTIVE|P
293|AJUSTARI - DEPRECIEREA IMOBILIZARILOR IN CURS DE EXEC.|P
2931|AJUSTARI - DEPR. IMOB. CORPORALE IN CURS DE EXECUTIE|P
2935|AJUSTARI - DEPR. INVESTITIILOR IMOBILIARE IN CURS DE EXEC.|P
296|AJUSTARI - PIERDEREA DE VALOARE A IMOBILIZARILOR FINANCIARE|P
2961|AJUSTARI - PIERDEREA DE VALOARE A ACTIUNILOR LA ENTIT. AFIL.|P
2962|AJUSTARI - PIERDEREA DE VALOARE A ACTIUNILOR LA ENTIT. ASOC.|P
2963|AJUSTARI - PIERDEREA DE VALOARE A ALTOR TITLURI IMOBILIZATE|P
2964|AJUSTARI - PIERDEREA DE VALOARE A SUMELOR DAT. DE ENTIT.AFIL|P
2965|AJUSTARI - PIERDEREA DE VALOARE A CREANTELOR - INT. DE PART.|P
2966|AJUSTARI - PIERDEREA DE VALOARE A A IMPRUM. PE TERMEN LUNG|P
2968|AJUSTARI - PIERDEREA DE VALOARE A ALTOR CREANTE IMOBILIZATE|P
301|MATERII PRIME|A
302|MATERIALE CONSUMABILE|A
3021|MATERIALE AUXILIARE|A
3022|COMBUSTIBILI|A
3023|MATERILAE PT. AMBALAT|A
3024|PIESE DE SCHIMB|A
3025|SEMINTE SI MATERIALE DE PLANTAT|A
3026|FURAJE|A
3028|ALTE MATERIALE CONSUMABILE|A
303|MAT. DE NATURA OB. DE INVENTAR|A
308|DIFERENTE DE PRET LA MATERII PRIME SI MATERIALE|B
321|MATERII PRIME IN CURS DE APROVIZIONARE|A
322|MATERIALE CONSUMABILE IN CURS DE APROVIZIONARE|A
323|MATERIALE DE NATURA OBIECTELOR DE INVENTAR IN CURS DE APROV.|A
326|ACTIVE BIOLOGICE DE NATURA STOCURILOR IN CURS DE APROVIZ.|A
327|MARFURI IN CURS DE APROVIZIONARE|A
328|AMBALAJE IN CURS DE APROVIZIONARE|A
331|PRODUSE IN CURS DE EXECUTIE|A
332|SERVICII IN CURS DE EXECUTIE|A
341|SEMIFABRICATE|A
345|PRODUSE FINITE|A
346|PRODUSE REZIDUALE|A
347|PRODUSE AGRICOLE|A
348|DIFERENTE DE PRET LA PRODUSE|B
351|MATERII SI MATERIALE LA TERTI|A
354|PRODUSE AFLATE LA TERTI|A
356|ACTIVE BIOLOGICE DE NATURA STOCURILOR AFLATE LA TERTI|A
357|MARFURI AFLATE LA TERTI|A
358|AMBALAJE AFLATE LA TERTI|A
361|ACTIVE BIOLOGICE DE NATURA STOCURILOR|A
368|DIFERENTE DE PRET LA ACTIVE BIOLOGICE DE NATURA STOCURILOR|B
371|MARFURI|A
378|DIFERENTE DE PRET LA MARFURI|B
381|AMBALAJE|A
388|DIFERENTE DE PRET LA AMBALAJE|B
391|AJUSTARI - DEPRECIEREA MATERIILOR PRIME|P
392|AJUSTARI - DEPRECIEREA MATERIALELOR|P
3921|AJUSTARI - DEPRECIEREA MATERIALELOR CONSUMABILE|P
3922|AJUSTARI - DEPRECIEREA OBIECTELOR DE INVENTAR|P
393|AJUSTARI - DEPRECIEREA PRODUCTIEI IN CURS DE EXECUTIE|P
394|AJUSTARI - DEPRECIEREA PRODUSELOR|P
3941|AJUSTARI - DEPRECIEREA SEMIFABRICATELOR|P
3945|AJUSTARI - DEPRECIEREA PRODUSELOR FINITE|P
3946|AJUSTARI - DEPRECIEREA PRODUSELOR REZIDUALE|P
3947|AJUSTARI - DEPRECIEREA PRODUSELOR AGRICOLE|P
395|AJUSTARI - DEPRECIEREA STOCURILOR AFLATE LA TERTI|P
3951|AJUSTARI - DEPRECIEREA MATERIALELOR AFLATE LA TERTI|P
3952|AJUSTARI - DEPRECIEREA SEMIFABRICATELOR AFLATE LA TERTI|P
3953|AJUSTARI - DEPRECIEREA PRODUSELOR FINITE AFLATE LA TERTI|P
3954|AJUSTARI - DEPRECIEREA PRODUSELOR REZID. AFLATE LA TERTI|P
3955|AJUSTARI PENTRU DEPRECIEREA PRODUSELOR AGRICOLE AFLATE|P
3956|AJUSTARI - DEPRECIEREA ACTIVELOR BIOLOGICE AFLATE LA TERTI|P
3957|AJUSTARI - DEPRECIEREA MARFURILOR AFLATE LA TERTI|P
3958|AJUSTARI - DEPRECIEREA AMBALAJELOR AFLATE LA TERTI|P
396|AJUSTARI - DEPRECIEREA ACTIVELOR BIOLOGICE|P
397|AJUSTARI - DEPRECIEREA MARFURILOR|P
398|AJUSTARI - DEPRECIEREA AMBALAJELOR|P
401|FURNIZORI|P
401.00001|SDFSDF|P
403|EFECTE DE PLATIT|P
404|FURNIZORI DE IMOBILIZARI|P
405|EFECTE DE PLATIT PENTRU IMOBILIZARI|P
408|FURNIZORI - FACTURI NESOSITE|P
409|FURNIZORI - DEBITORI|A
4091|FURNIZORI - DEBITORI PT. CUMPARARI DE BUNURI (STOCURI)|A
4092|FURNIZORI - DEBITORI PT. PRESTARI DE SERVICII|A
4093|AVANSURI ACORDATE PENTRU IMOBILIZARI CORPORALE|A
4094|AVANSURI ACORDATE PENTRU IMOBILIZARI NECORPORALE|A
411|CLIENTI|A
4111|CLIENTI|A
4118|CLIENTI INCERTI SAU IN LITIGIU|A
413|EFECTE DE PRIMIT DE LA CLIENTI|A
418|CLIENTI - FACTURI DE INTOCMIT|A
419|CLIENTI - CREDITORI|P
421|PERSONAL - SALARII DATORATE|P
423|PERSONAL - AJUTOARE MATERIALE DATORATE|P
424|PRIME PRIVIND PARTICIPAREA  PERSONALULUI  LA PROFIT|P
425|AVANSURI ACORDATE PERSONALULUI|A
426|DREPTURI DE PERSONAL NERIDICATE|P
427|RETINERI DIN SALARII DATORATE TERTILOR|P
428|ALTE DATORII SI CREANTE IN LEGATURA CU PERSONALUL|B
4281|ALTE DATORII IN LEGATURA CU PERSONALUL|P
4282|ALTE CREANTE IN LEGATURA CU PERSONALUL|A
431|ASIGURARI   SOCIALE|P
4311|CONTRIBUTIA UNITATII LA ASIGURARILE SOCIALE|P
4312|CONTRIBUTIA PERSONALULUI LA ASIGURARILE SOCIALE|P
4313|CONTRIBUTIA ANGAJATORULUI - ASIGURARILE SOCIALE DE SANATATE|P
4314|CONTRIBUTIA ANGAJATILOR - ASIGURARILE SOCIALE DE SANATATE|P
4315|CONTR. DE ASIGURARI SOCIALE|P
4316|CONTR. DE ASIGURARI SOCIALE DE SANATATE|P
4318|ALTE CONTRIBUTII PENTRU ASIGURARILE SOCIALE DE SANATATE|P
436|CONTR. ASIGURATORIE DE MUNCA|P
437|AJUTOR  DE  SOMAJ|P
4371|CONTRIBUTIA UNITATII LA FONDUL DE SOMAJ|P
4372|CONTRIBUTIA PERSONALULUI LA FONDUL DE SOMAJ|P
438|ALTE DATORII SI CREANTE SOCIALE|B
4381|ALTE DATORII SOCIALE|P
4382|ALTE CREANTE SOCIALE|A
441|IMPOZITUL PE PROFIT SI ALTE IMPOZITE|B
4411|IMPOZITUL PE PROFIT|P
4415|IMPOZITUL SPECIFIC UNOR ACTIVITATI|P
4418|IMPOZITUL PE VENIT|P
442|TAXA PE VALOAREA ADAUGATA|B
4423|TVA DE PLATA|P
4424|TVA DE RECUPERAT|A
4426|TVA DEDUCTIBILA|A
4427|TVA COLECTATA|P
4428|TVA NEEXIGIBILA|B
4428.M|TVA NEEXIGIBILA - MARFURI|B
4428.TI|TVA NEEXIGIBILA - INCASARE|B
4428.TP|TVA NEEXIGIBILA - PLATA|B
444|IMPOZITUL PE VENITURI DE NATURA SALARIILOR|P
445|SUBVENTII|A
4451|SUBVENTII GUVERNAMENTALE|A
4452|IMPRUMUTURI NERAMBURSABILE CU CARACTER DE SUBVENTII|A
4458|ALTE SUME PRIMITE CU CARACTER DE SUBVENTII|A
446|"ALTE IMPOZITE| TAXE SI VARSAMINTE ASIMILATE"|P
447|FONDURI SPECIALE TAXE SI VARSAMINTE ASIMILATE|P
448|ALTE DATORII SI CREANTE CU BUGETUL STAT|B
4481|ALTE DATORII FATA DE BUGETUL STATULUI|P
4482|ALTE CREANTE PRIVIND BUGETUL STATULUI|A
451|DECONTARI INTRE ENTITATILE AFILIATE|B
4511|DECONTARI INTRE ENTITATILE AFILIATE|B
4518|DOBINZI AFERENTE DECONTARILOR INTRE ENTITATILE AFILIATE|B
453|DECONTARI CU ENTITATILE ASOCIATE SI ENTITATILE CONTROLATE|B
4531|DECONTARI CU ENTITATILE ASOCIATE SI ENTITATILE CONTROLATE|B
4538|DOBANZI AFERENTE DECONTARILOR CU ENTITATILE ASOCIATE|B
455|SUME DATORATE ACTIONARILOR/ASOCIATILOR|P
4551|ACTIONARI/ASOCIATI - CONTURI CURENTE|P
4558|ACTIONARI/ASOCIATI - DOBANZI LA CONTURI CURENTE|P
456|DECONTARI CU ACTIONARI/ASOCIATI PRIVIND CAPITALUL|B
457|DIVIDENDE DE PLATIT|P
458|DECONTARI DIN OPERATIUNI IN PARTICIPATIE|B
4581|DECONTARI DIN OPERATIUNI IN PARTICIPATIE - PASIV|P
4582|DECONTARI DIN OPERATIUNI IN PARTICIPATIE - ACTIV|A
461|DEBITORI DIVERSI|A
462|CREDITORI DIVERSI|P
463|CREANTE REPREZ. DIVIDENDE REPARTIZATE IN CURSUL EXERCITIULUI|A
466|DECONTARI DIN OPERATIUNI DE FIDUCIE|B
4661|DATORII DIN OPERATIUNI DE FIDUCIE|A
4662|CREANTE DIN OPERATIUNI DE FIDUCIE|P
467|DATORII AFERENTE DISTRIBUIRILOR INTERIMARE DE DIVIDENDE|P
471|CHELTUIELI INREGISTRATE IN AVANS|A
472|VENITURI INREGISTRATE IN AVANS|P
473|DECONTARI DIN OPERATIUNI IN CURS DE CLARIFICARE|B
475|SUBVENTII PENTRU INVESTITII|P
4751|SUBVENTII GUVERNAMENTALE PENTRU INVESTITII|P
4752|IMPRUMUTURI NERAMB. CU CARACTER DE SUBVENTII PT. INVESTITII|P
4753|DONATII PENTRU INVESTITII|P
4754|PLUSURI DE INVENTAR DE NATURA IMOBILIZARILOR|P
4758|ALTE SUME PRIMITE CU CARACTER DE SUBVENTII PENTRU INVESTITII|P
478|VENITURI IN AVANS AFERENTE ACTIVELOR PRIMITE DE LA CLIENTI|P
481|DECONTARI UNITATE SI SUBUNITATI|B
482|DECONTARI INTRE SUBUNITATI|B
490|AJUSTARI PT. DEPR. CREANTELOR AF. AVANSURILOR PT. FURNIZORI|P
4901|AJUSTARI PT. DEPR. CREANTELOR AF. STOCURILOR|P
4902|AJUSTARI PT. DEPR. CREANTELOR AF. SERVICIILOR|P
4903|AJUSTARI PT. DEPR. CREANTELOR AF. IMOBILIZARILOR CORPORALE|P
4904|AJUSTARI PT. DEPR. CREANTELOR AF. IMOBILIZARILOR NECORPORALE|P
491|AJUSTARI - DEPRECIEREA CREANTELOR - CLIENTI|P
495|AJUSTARI - DEPRECIEREA CREANTELOR - DECONTARI ASOCIATI|P
496|AJUSTARI - DEPRECIEREA CREANTELOR - DEBITORI DIVERSI|P
501|ACTIUNI DETINUTE LA ENTITATILE AFILIATE|A
505|OBLIGATIUNI EMISE SI RASCUMPARATE|A
506|OBLIGATIUNI|A
507|CERTIFICATE VERZI PRIMITE|A
508|ALTE INVESTITII PE TERMEN SCURT SI CREANTE ASIMILATE|A
5081|ALTE TITLURI DE PLASAMENT|A
5088|DOBANZI LA OBLIGATIUNI SI TITLURI PLASAMENT|A
509|VARSAMINTE DE EFECTUAT PENTRU INVESTITIILE PE TERMEN SCURT|P
5091|VARSAMINTE DE EFECTUAT- ACTIUNILE DETINUTE LA ENTITATI AFIL.|P
5092|VARSAMINTE DE EFECTUAT - ALTE INVESTITII PE TERMEN SCURT|P
511|VALORI DE INCASAT|A
5112|CECURI DE INCASAT|A
5113|EFECTE DE INCASAT|A
5114|EFECTE REMISE SPRE SCONTARE|A
512|CONTURI CURENTE LA BANCI|B
5121|CONTURI LA BANCA IN LEI|B
5124|CONTURI LA BANCA IN VALUTA|B
5125|SUME IN CURS DE DECONTARE|A
5126|CONTURI LA BANCI IN LEI TVA DEFALCAT|B
5127|CONTURI LA BANCI IN VALUTA TVA DEFALCAT|B
518|DOBANZI|B
5186|DOBANZI DE PLATIT|P
5187|DOBANZI DE INCASAT|A
519|CREDITE BANC.TERMEN SCURT|P
5191|CREDITE BANCARE PE TERMEN SCURT|P
5192|CREDITE BANCARE PE TERMEN SCURT NERAMBURSATE LA SCADENTA|P
5193|CREDITE EXTERNE GUVERNAMENTALE|P
5194|CREDITE EXTERNE GARANTATE DE STAT|P
5195|CREDITE EXTERNE GARANTATE DE BANCI|P
5196|CREDITE DE LA TREZORERIE STATULUI|P
5197|CREDITE INTERNE GARANTATE STAT|P
5198|DOBANZI AFERENTE CREDITELOR BANCARE PE TERMEN SCURT|P
531|CASA|A
5311|CASA IN LEI|A
5314|CASA IN VALUTA|A
532|ALTE VALORI|A
5321|TIMBRE FISCALE SI POSTALE|A
5322|BILETE DE TRATAMENT SI ODIHNA|A
5323|TICHETE SI BILETE DE CALATORIE|A
5328|ALTE VALORI|A
541|ACREDITIVE|A
5411|ACREDITIVE IN LEI|A
5414|ACREDITIVE IN VALUTA|A
542|AVANSURI DE TREZORERIE|A
581|VIRAMENTE INTERNE|B
591|AJUSTARI - DEPR. ACTIUNILOR DETINUTE LA ENTITATILE AFILIATE|P
595|AJUSTARI - DEPR. OBLIGATIUNILOR EMISE SI RASCUMPARATE|P
596|AJUSTARI - DEPR. OBLIGATIUNILOR|P
598|AJUSTARI - DEPR. ALTOR INVESTITII PE TERMEN SCUT|P
601|CHELT. CU MATERIILE PRIME|A
602|CHELT.CU MATERIALELE CONSUMABILE|A
6021|CHELT. CU MATERIALE AUXILIARE|A
6022|CHELT. PRIVIND COMBUSTIBILUL|A
6023|CHELT. PRIVIND AMBALAJUL|A
6024|CHELT. CU PIESELE DE SCHIMB|A
6025|CHELT. CU SEMINTE SI MAT. PLANT.|A
6026|CHELT. CU FURAJELE|A
6028|CHELT.CU ALTE MAT.CONSUMABILE|A
603|CHELT. CU OBIECTE DE INVENTAR|A
604|CHELT. CU MAT.NESTOCATE|A
605|CHELT. CU ENERGIA SI APA|A
6051|CHELT. PRIVIND CONSUMUL DE ENERGIE|A
6052|CHELT. PRIVIND CONSUMUL DE APA|A
6053|CHELT. PRIVIND CONSUMUL DE GAZE NATURALE|A
6058|CHELT. CU ALTE UTILITATI|A
606|CHELT. CU PRIVIND ACTIVELE BIOLOGICE DE NATURA STOCURILOR|A
607|CHELT. PRIVIND MARFURILE|A
608|CHELT. PRIVIND AMBALAJELE|A
609|REDUCERI COMERCIALE PRIMITE|P
611|CHELT. CU INTRETINEREA SI REPARATIILE|A
612|"CHELT. CU REDEVENTE| LOCATIILE DE GESTIUNE SI CHIRIILE"|A
613|CHELT. CU PRIME DE ASIGURARE|A
614|CHELT. CU STUDII SI CERCETARI|A
615|CHELT. CU PREGATIREA PERSONALULUI|A
621|CHELT. CU COLABORATORII|A
622|CHELT. CU COMISIOANE SI ONORARIILE|A
623|"CHELT. DE PROTOCOL| RECLAMA SI PUBLICITATE"|A
6231|CHELTUIELI DE PROTOCOL|A
6232|CHELTUIELI DE RECLAMA SI PUBLICITATE|A
624|CHELT. CU TRANSPORTUL DE BUNURI SI PERSONAL|A
625|"CHELT. CU DEPLASARI| DETASARI SI TRANSFERARI"|A
626|CHELT. POSTALE SI TAXE DE TELECOMUNICATII|A
627|CHELT. CU SERV.BANCARE SI ASIMILATE|A
628|ALTE CHELT. CU SERVICIILE EXECUTATE DE TERTI|A
635|"CHELT. CU ALTE IMPOZITE| TAXE SI VARSAMINTE ASIMILATE"|A
641|CHELT. CU SALARIILE PERSONALULUI|A
642|CHELT. CU TICHETELE DE MASA SI AVANTAJELE IN NATURA ACORDATE|A
6421|CHELT. CU AVANTAJELE IN NATURA ACORDATE SALARIATILOR|A
6422|CHELT. CU TICHETELE DE MASA ACORDATE SALARIATILOR|A
643|CHELT. CU REMUNERAREA IN INSTRUMENTE DE CAPITALURI PROPRII|A
644|CHELT. CU PRIMELE REPREZENTAND PARTICIPAREA LA PROFIT|A
645|CHELT. PRIVIND ASIGURARILE SI PROTECTIA SOCIALA|A
6451|CHELT. PRIVIND CONTRIBUTIA UNITATII LA ASIGURARILE SOCIALE|A
6452|CHELT. PRIVIND CONTRIBUTIA UNITATII PENTRU AJUTORUL DE SOMAJ|A
6453|CHELT. PRIVIND CONRIB. UNITATII LA ASIG. SOCIALE DE SANATATE|A
6455|CHELT. PRIVIND CONTRIBUTIA UNITATII LA ASIGURARILE DE VIATA|A
6456|CONTRIB. UNITATII LA FONDURILE DE PENSII FACULTATIVE|A
6457|CONTRIB. UNITATII LA PRIMELE DE ASIG. VOLUNTARA DE SANATATE|A
6458|ALTE CHELT. PRIVIND ASIGURARILE SI PROTECTIA SOCIALA|A
646|CHELT. CU CONTR. ASIGURATORIE DE MUNCA|A
6461|CHELT. CU CONTRIB. ASIGURATORIE PT. MUNCA A SALARIATILOR|A
6462|CHELT. CU CONTRIB. ASIGURATORIE PT. MUNCA A ALTOR PERSOANE|A
651|CHELTUIELI DIN OPERATIUNI DE FIDUCIE|A
6511|CHELTUIELI OCAZIONATE DE CONSTITUIREA FIDUCIEI|A
6512|CHELTUIELI DIN DERULAREA OPERATIUNILOR DE FIDUCIE|A
6513|CHELTUIELI DIN LICHIDAREA OPERATIUNILOR DE FIDUCIE|A
652|CHELT. CU PROTECTIA MEDIULUI INCONJURATOR|A
654|PIERDERI DIN CREANTE SI DEBITORI DIVERSI|A
655|CHELT. DIN REEVALUAREA IMOBILIZARILOR|A
658|ALTE CHELTUIELI DE EXPLOATARE|A
6581|"DESPAGUBIRI| AMENZI SI PENALITATI"|A
6582|DONATII ACORDATE|A
6583|CHELT. ACTIVELE CEDATE SI ALTE OPERATIUNI DE CAPITAL|A
6584|CHELT. CU SUMELE SAU BUNURILE ACORDATE CA SPONSORIZARI|A
6586|CHELT. DIN TRANSFERURI IN BAZA UNOR ACTE NORMATIVE SPECIALE|A
6587|CHELT. PRIVIND CALAMITATILE SI ALTE EVENIMENTE SIMILARE|A
6588|ALTE CHELTUIELI DE EXPLOATARE|A
663|PIERDERI DIN CREANTE LEGATE DE PARTICIPATII|A
664|CHELT. CU INVESTITIILE FINANCIARE CEDATE|A
6641|CHELT. CU IMOBOBILIZARILE FINANCIARE CEDATE|A
6642|PIERDERI DIN INVESTITIILE PE TERMEN SCURT CEDATE|A
665|CHELT. DIN DIFERENTE DE CURS VALUTAR|A
6651|DIFERENTE NEFAVORABILE DE CURS VALUTAR|A
6652|DIFERENTE DE CURS DIN INVESTITIA INTR-O ENTITATE STRAINA|A
666|CHELT. PRIVIND DOBANZILE|A
667|CHELT. CU SCONTURILE ACORDATE|A
668|ALTE CHELTUIELI FINANCIARE|A
681|CHELT. DE EXPLOATARE CU AMORTIZAREA SI PROVIZIOANLE|A
6811|CHELT. DE EXPLOATARE CU AMORTIZAREA IMOBILIZARILOR|A
6812|CHELT. DE EXPLOATARE CU PROVIZIOANLE|A
6813|CHELT.  CU AJUSTARILE PT. DEPREC IMOBILIZARILOR|A
6814|CHELT.  CU AJUSTARILE PT. DEPREC. ACTIVE CIRCULANTE|A
6817|CHELT.  CU AJUSTARILE PT. DEPREC. FONDULUI COMERCIAL|A
6818|CHELT. DIN DEPR. CREANTELOR AF. AVANSURILOR PT. FURNIZORI|A
686|CHELT. FINANCIARE CU AMORTIZAREA SI PROVIZIOANELE|A
6861|CHELT. PRIVIND ACTUALIZAREA PROVIZIOANELOR|A
6863|CHELT. CU PROV. PT. DEPRECIEREA IMOBILIZARILOR FINANCIARE|A
6864|CHELT. FIN. CU AJUSTARILE PT. PIERDEREA DE VAL. A ACT. CIRC.|A
6865|CH. CU AMORTIZAREA DIFERENTELOR AFERENTE TITLURILOR DE STAT|A
6868|CHELT. AMORT. PRIMELOR DE RAMBURSARE A OBLIGATIUNILOR|A
691|CHELT. CU IMPOZITUL PE PROFIT|A
694|CHELT. CU IMP. PE PROFIT REZULTAT DIN DECONTARILE IN GRUP|A
695|CHELTUIELI CU IMPOZITUL SPECIFIC UNOR ACTIVITATI|A
698|CHELT. CU IMPOZITUL PE VENIT SI CU ALTE IMPOZITE|A
701|"VEN. DIN VANZAREA PROD. FINITE| PROD. AGRICOLE"|P
7015|VEN. DIN VANZAREA PROD. FINITE|P
7017|VEN. DIN VANZAREA PROD. AGRICOLE|P
7018|VEN. DIN VANZAREA ACTIVELOR BIOLOGICE DE NATURA STOCURILOR|P
702|VEN. DIN VANZAREA SEMIFABRICATELOR|P
703|VEN. DIN VANZAREA PRODUSELOR REZIDUALE|P
704|VEN. DIN SERVICII PRESTATE|P
705|VEN. DIN STUDII SI CERCETARI|P
706|VEN. DIN REDEVENTE SI CHIRII|P
707|VEN. DIN VANZARI DE MARFURI|P
708|VEN. DIN ACTIVITATI DIVERSE|P
709|REDUCERI COMERCIALE ACORDATE|A
711|VARIATIA STOCURILOR|B
712|VEN. AFERENTE COSTURILOR SERVICIILOR IN CURS DE EXECUTIE|P
721|VEN. DIN PROD. DE IMOBILIZARI NECORPORALE|P
722|VEN. DIN PROD. DE IMOBILIZARI CORPORALE|P
725|VEN. DIN PROD. DE INVESTITII IMOBILIARE|P
741|VEN. DIN SUBVENTII DE EXPLOATARE|P
7411|VEN. DIN SUBVENTII DE EXPLOATARE AFERENTE C.A.|P
7412|VEN. DIN SUBVENTII DE EXPLOATARE PT. MATERII PRIME SI|P
7413|VEN. DIN SUBVENTII DE EXPLOATARE PT. ALTE CHELTUIELI|P
7414|VEN. DIN SUBVENTII DE EXPLOATARE PT. PLATA PERSONALUL|P
7415|VEN. DIN SUBVENTII DE EXPLOATARE PT. ASIG. SI PROTECTIE SOC.|P
7416|VEN. DIN SUBVENTII DE EXPLOATARE PT. ALTE CHELTUIELI DE EXP.|P
7417|VEN. DIN SUBVENTII DE EXPL. IN CAZ DE CALAMITATI|P
7418|VEN. DIN SUBVENTII DE EXPLOATARE PT. DOBANDA DATORATA|P
7419|VEN. DIN SUBVENTII DE EXPLOATARE AFERENTE ALTOR VENITURI|P
751|VENITURI DIN OPERATIUNI DE FIDUCIE|P
7511|VENITURI OCAZIONATE DE CONSTITUIREA FIDUCIEI|P
7512|VENITURI DIN DERULAREA OPERATIUNILOR DE FIDUCIE|P
7513|VENITURI DIN LICHIDAREA OPERATIUNILOR DE FIDUCIE|P
754|VEN. DIN CREANTE REACTIVATE SI DEBITORI DIVERSI|P
755|VEN. DIN REEVALUAREA IMOBILIZARILOR|P
758|ALTE VENITURI DIN EXPLOATARE|P
7581|"VEN. DIN DESPAGUBIRI| AMENZI SI PENALITATI"|P
7582|"VEN. DIN DONATII|SUBVENTII PRIMITE"|P
7583|VEN. DIN CEDAREA ACTIVELOR|P
7584|VEN. DIN SUBVENTII PT. INVESTITII|P
7586|VEN. DIN TRANSFERURI IN BAZA UNOR ACTE NORMATIVE SPECIALE|P
7588|ALTE VENITURI DIN EXPLOATARE|P
761|VEN. DIN IMOBILIZARI FINANCIARE|P
7611|VEN. DIN ACTIUNI DETINUTE LA ENTITATI AFILIATE|P
7612|VEN. DIN ACTIUNI DETINUTE LA ENTITATI ASOCIATE|P
7613|VEN. DIN ACTIUNI DETINUTE LA ENTITATI CONTROLATE IN COMUN|P
7615|VEN. DIN ALTE IMOBILIZARI FINANCIARE|P
762|VEN. DIN INVEST. FIN. PE TERMEN SCURT|P
764|VEN. DIN INVESTITII FINANCIARE CEDATE|P
7641|VEN. DIN IMOBILIZARI FINANCIARE CEDATE|P
7642|CASTIGURI DIN INVEST FINANCIARE PE TERMEN SCURT|P
765|VEN. DIN DIFERENTE DE CURS VALUTAR|P
7651|VEN. DIN DIFERENTE FAVORABILE DE CURS VALUTAR|P
7652|DIFERENTE DE CURS DIN INVESTITIA INTR-O ENTITATE STRAINA|P
766|VEN. DIN DOBINZI|P
767|VEN. DIN SCONTURI OBTINUTE|P
768|ALTE VEN. FINANCIARE|P
781|VEN. PROV. PT. ACTIVIVITATEA DE EXPLOATARE|P
7812|VEN. DIN PROVIZIOANE|P
7813|VEN. DIN AJUSTARI PENTRU DEPR. IMOBILIZARILOR|P
7814|VEN. DIN AJUSTARI PT. DEPR. ACTIVELOR CIRCCULANTE|P
7815|VEN. DIN FONDUL COMERCIAL NEGATIV|P
7818|VEN. DIN DEPR. CREANTELOR AF. AVANSURILOR PT. FURNIZORI|P
786|VEN. FIN. DIN AJUSTARI SI PIERDERE DE VALOARE|P
7863|VEN. FIN. DIN AJUSTARI SI PIERDERE DE VALOARE IMOB. FIN.|P
7864|VEN. FIN. DIN AJUSTARI SI PIERDERE DE VALOARE ACTIVE CIRC.|P
7865|VENITURI FINANCIARE DIN AMORT. DIFERENTE TITLURI DE STAT|P
794|VEN. DIN IMP. PE PROFIT REZULTAT DIN DECONTARILE IN GRUP|P
801|ANGAJAMENTE ACORDATE|B
8011|GIRURI SI GARANTII ACORDATE|B
8018|ALTE ANGAJAMENTE ACORDATE|B
802|ANGAJAMENTE PRIMITE|B
8021|GIRURI SI GARANTII PRIMITE|B
8028|ALTE ANGAJAMENTE PRIMITE|B
803|ALTE CONTURI IN AFARA BILANTULUI|B
8031|IMOBILIZARI CORPORALE LUATE CU CHIRIE|B
8032|VAL. MAT. PRIMITE PT. PRELUCRARE SAU REPARARE|B
8033|VAL. MAT. PRIMITE IN PASTRARE DAU CUSTODIE|B
8034|"DEBITORI SCOSI DIN ACTIV| URMARITI IN CONTINUARE"|B
8035|STOCURI DE NATURA OBIECTELOR DE INVENTAR DATE IN FOLOSINTA|B
8036|"REDEVENTE| LOCATII DE GESTIUNE| CHIRII SI ALTE DATORII ASIM."|B
8037|EFECTE SCONTATE NEAJUNSE LA SCAD|B
8038|"BUNURI PRIMITE IN ADMINISTRARE| CONCESIUNE SI CU CHIRIE"|B
8039|ALTE VALORI IN AFARA BILANTULUI|B
804|CERTIFICATE VERZI|B
805|DOBANZI AFERENTE CONTRACTELOR DE LEASING|B
8051|DOBANZI DE PLATIT|B
8052|DOBANZI DE INCASAT|B
806|CERTIFICATE DE EMISII DE GAZE CU EFECT DE SERA|B
807|ACTIVE CONTINGENTE|B
808|DATORII CONTINGENTE|B
809|CREANTE PRELUATE PRIN CESIONARE|B
891|BILANT DE DESCHIDERE|A
892|BILANT DE INCHIDERE|A
901|DEC. INTERNE PRIVIND CHELTUIELILE|B
902|DEC. INTERNE PRIVIND PRODUCTIA OBTINUTE|B
903|DEC. INTERNE PRIVIND DIFERENTELE DE PRET|A
921|CHELTUIELILE ACTIVITATII DE BAZA|A
922|CHELTUIELILE ACTIVITATILOR AUXILIARE|A
923|CHELTUIELI INDIRECTE DE PRODUCTIE|A
924|CHELTUIELI GENERALE DE ADMINISTRATIE|A
925|CHELTUIELI DE DESFACERE|A
931|COSTUL PRODUCTIEI OBTINUTE|A
933|COSTUL PRODUCTIEI IN CURS DE EXECUTIE|A
999|CORESPONDENT CONTURI DIN AFARA BILANTULUI|B
